MARKERS	FST	RANKING	QUARTILE
Locus839	0.849012566	1	10
Locus583	0.830551688	2	10
Locus111	0.796410376	3	10
Locus591	0.7953132	4	10
Locus464	0.786199582	5	10
Locus781	0.77912602	6	10
Locus708	0.777058091	7	10
Locus880	0.773757024	8	10
Locus557	0.773704083	9	10
Locus764	0.773387574	10	10
Locus906	0.758545524	11	10
Locus207	0.756271707	12	10
Locus462	0.754925433	13	10
Locus25	0.749831068	14	10
Locus270	0.737679779	15	10
Locus94	0.731246487	16	10
Locus251	0.727144614	17	10
Locus46	0.716007636	18	10
Locus98	0.715139817	19	10
Locus482	0.71227540600000006	20	10
Locus992	0.708308815	21	10
Locus398	0.708171674	22	10
Locus408	0.707433583	23	10
Locus209	0.703166524	24	10
Locus897	0.702855874	25	10
Locus854	0.700462314	26	10
Locus973	0.693834065	27	10
Locus249	0.690529575	28	10
Locus949	0.68932028	29	10
Locus263	0.688213117	30	10
Locus320	0.687498662	31	10
Locus671	0.684725349	32	10
Locus180	0.684134211	33	10
Locus54	0.683142399	34	10
Locus97	0.679288327	35	10
Locus252	0.670990086	36	10
Locus976	0.668123191	37	10
Locus130	0.667412198	38	10
Locus337	0.665528015	39	10
Locus715	0.663284302	40	10
Locus57	0.662864522	41	10
Locus476	0.661404886	42	10
Locus809	0.657645573	43	10
Locus22	0.65331565	44	10
Locus960	0.650096125	45	10
Locus213	0.648852232	46	10
Locus373	0.648174964	47	10
Locus542	0.647711129	48	10
Locus233	0.647409308	49	10
Locus914	0.645886764	50	10
Locus257	0.645014441	51	10
Locus537	0.64498239	52	10
Locus378	0.643253853	53	10
Locus481	0.639714337	54	10
Locus298	0.638068925	55	10
Locus494	0.636512118	56	10
Locus17	0.636255126	57	10
Locus726	0.633733116	58	10
Locus872	0.63306074	59	10
Locus127	0.632861252	60	10
Locus636	0.630331393	61	10
Locus198	0.628192162	62	10
Locus299	0.62585685	63	10
Locus368	0.625739322	64	10
Locus468	0.624175143	65	10
Locus840	0.62102503	66	10
Locus512	0.618612888	67	10
Locus946	0.617726981	68	10
Locus896	0.615532521	69	10
Locus831	0.612515217	70	10
Locus447	0.611176738	71	10
Locus826	0.609921881	72	10
Locus940	0.607688153	73	10
Locus417	0.607199501	74	10
Locus490	0.606896395	75	10
Locus782	0.605725943	76	10
Locus975	0.604961587	77	10
Locus510	0.604439492	78	10
Locus723	0.60221929	79	10
Locus865	0.599670558	80	10
Locus727	0.599412277	81	10
Locus444	0.597001409	82	10
Locus68	0.596485396	83	10
Locus916	0.594951884	84	10
Locus24	0.594299097	85	10
Locus543	0.593493419	86	10
Locus812	0.592588416	87	10
Locus923	0.592396091	88	10
Locus673	0.592235856	89	10
Locus37	0.59213905	90	10
Locus745	0.589652349	91	10
Locus751	0.589512661	92	10
Locus548	0.588847724	93	10
Locus452	0.588323911	94	10
Locus527	0.587845199	95	10
Locus436	0.587612757	96	10
Locus581	0.586103614	97	10
Locus629	0.586072577	98	10
Locus132	0.58584868	99	10
Locus289	0.58434834	100	9
Locus622	0.583197609	101	9
Locus967	0.583004826	102	9
Locus720	0.582995959	103	9
Locus112	0.582453633	104	9
Locus600	0.581989758	105	9
Locus313	0.5809356	106	9
Locus747	0.579692052	107	9
Locus176	0.578476303	108	9
Locus874	0.578346915	109	9
Locus77	0.577815152	110	9
Locus439	0.576583044	111	9
Locus990	0.576288933	112	9
Locus415	0.57595741	113	9
Locus419	0.575290749	114	9
Locus126	0.574891406	115	9
Locus796	0.573856976	116	9
Locus204	0.572371892	117	9
Locus149	0.572198271	118	9
Locus69	0.571878237	119	9
Locus375	0.570269894	120	9
Locus279	0.568468265	121	9
Locus484	0.567407974	122	9
Locus427	0.56589212	123	9
Locus547	0.565486997	124	9
Locus208	0.565282097	125	9
Locus169	0.564736826	126	9
Locus904	0.564580921	127	9
Locus30	0.562750951	128	9
Locus216	0.562692183	129	9
Locus135	0.561208964	130	9
Locus99	0.561058158	131	9
Locus555	0.561001189	132	9
Locus677	0.560590813	133	9
Locus466	0.559803557	134	9
Locus500	0.559751285	135	9
Locus259	0.559493407	136	9
Locus674	0.559340465	137	9
Locus631	0.557959075	138	9
Locus73	0.557127267	139	9
Locus377	0.556214805	140	9
Locus414	0.556105086	141	9
Locus962	0.554760152	142	9
Locus45	0.552963342	143	9
Locus705	0.552813814	144	9
Locus187	0.552202076	145	9
Locus103	0.551953519	146	9
Locus411	0.551473078	147	9
Locus742	0.551403722	148	9
Locus384	0.549105971	149	9
Locus824	0.548777235	150	9
Locus775	0.548317597	151	9
Locus282	0.547814194	152	9
Locus65	0.54746692	153	9
Locus64	0.547456148	154	9
Locus256	0.546303493	155	9
Locus753	0.545408758	156	9
Locus185	0.545161798	157	9
Locus734	0.545005624	158	9
Locus456	0.544959681	159	9
Locus232	0.543022724	160	9
Locus284	0.541656346	161	9
Locus13	0.540352127	162	9
Locus630	0.54002403	163	9
Locus589	0.538242841	164	9
Locus762	0.537709372	165	9
Locus363	0.537503375	166	9
Locus957	0.537368475	167	9
Locus712	0.537132396	168	9
Locus795	0.536541874	169	9
Locus387	0.536516873	170	9
Locus876	0.53602346	171	9
Locus144	0.535631325	172	9
Locus479	0.534636565	173	9
Locus774	0.534473582	174	9
Locus567	0.534447536	175	9
Locus82	0.533838251	176	9
Locus212	0.533253593	177	9
Locus292	0.532155212	178	9
Locus33	0.531933745	179	9
Locus528	0.528789611	180	9
Locus231	0.525830863	181	9
Locus625	0.523532812	182	9
Locus295	0.523266564	183	9
Locus76	0.522855076	184	9
Locus487	0.522673199	185	9
Locus870	0.522653317	186	9
Locus535	0.522538499	187	9
Locus327	0.522405572	188	9
Locus451	0.521398029	189	9
Locus995	0.520392321	190	9
Locus516	0.519754121	191	9
Locus84	0.519642101	192	9
Locus1000	0.518382955	193	9
Locus247	0.51724779	194	9
Locus370	0.516841521	195	9
Locus478	0.516778812	196	9
Locus834	0.515923321	197	9
Locus985	0.514536758	198	9
Locus255	0.513620222	199	8
Locus483	0.513364885	200	8
Locus441	0.511750634	201	8
Locus987	0.511326644	202	8
Locus357	0.510135286	203	8
Locus785	0.509856609	204	8
Locus324	0.508671156	205	8
Locus885	0.50752253	206	8
Locus416	0.506702963	207	8
Locus687	0.506311706	208	8
Locus989	0.505356576	209	8
Locus901	0.503764224	210	8
Locus121	0.50171917	211	8
Locus651	0.501523997	212	8
Locus598	0.501407169	213	8
Locus184	0.50127291	214	8
Locus585	0.501104065	215	8
Locus260	0.500902291	216	8
Locus242	0.500535231	217	8
Locus544	0.499859786	218	8
Locus358	0.499536158	219	8
Locus503	0.499367982	220	8
Locus938	0.499226491	221	8
Locus735	0.499027354	222	8
Locus152	0.498915634	223	8
Locus656	0.497913213	224	8
Locus849	0.497672549	225	8
Locus359	0.496701272	226	8
Locus954	0.496607128	227	8
Locus201	0.496600922	228	8
Locus736	0.496281367	229	8
Locus96	0.495761999	230	8
Locus982	0.495607822	231	8
Locus271	0.494450512	232	8
Locus802	0.494075965	233	8
Locus165	0.493943614	234	8
Locus917	0.491584781	235	8
Locus248	0.491324734	236	8
Locus496	0.49093545	237	8
Locus367	0.49087006	238	8
Locus316	0.490702274	239	8
Locus333	0.490640641	240	8
Locus218	0.489415873	241	8
Locus691	0.487084209	242	8
Locus422	0.484183313	243	8
Locus710	0.483575358	244	8
Locus912	0.483036344	245	8
Locus339	0.48243442	246	8
Locus696	0.481896221	247	8
Locus862	0.481111307	248	8
Locus807	0.479955517	249	8
Locus477	0.479784369	250	8
Locus964	0.479611567	251	8
Locus86	0.479331709	252	8
Locus568	0.479239294	253	8
Locus559	0.479052256	254	8
Locus12	0.478619445	255	8
Locus881	0.477435585	256	8
Locus855	0.477410124	257	8
Locus360	0.476676755	258	8
Locus311	0.474560388	259	8
Locus74	0.47424998	260	8
Locus105	0.473394346	261	8
Locus253	0.471653871	262	8
Locus434	0.470960656	263	8
Locus192	0.470005989	264	8
Locus771	0.468599959	265	8
Locus181	0.467699053	266	8
Locus67	0.467568314	267	8
Locus168	0.46715225	268	8
Locus507	0.465545242	269	8
Locus848	0.464680809	270	8
Locus264	0.464633345	271	8
Locus740	0.464607988	272	8
Locus223	0.463395601	273	8
Locus518	0.463314274	274	8
Locus269	0.463102811	275	8
Locus571	0.461883987	276	8
Locus509	0.46185052	277	8
Locus814	0.461662357	278	8
Locus624	0.460404893	279	8
Locus564	0.459729318	280	8
Locus770	0.459720976	281	8
Locus668	0.458962713	282	8
Locus681	0.458817624	283	8
Locus380	0.457882208	284	8
Locus877	0.45739167	285	8
Locus328	0.456749284	286	8
Locus317	0.45605881	287	8
Locus501	0.455833117	288	8
Locus763	0.454180028	289	8
Locus694	0.454125168	290	8
Locus752	0.452397503	291	8
Locus968	0.452302956	292	8
Locus153	0.452028826	293	8
Locus60	0.45182891	294	8
Locus808	0.451373661	295	8
Locus412	0.450983057	296	8
Locus652	0.450655458	297	8
Locus847	0.450119246	298	7
Locus926	0.448996102	299	7
Locus50	0.448754093	300	7
Locus709	0.44778747	301	7
Locus556	0.446881364	302	7
Locus675	0.446728966	303	7
Locus217	0.446246203	304	7
Locus980	0.445494912	305	7
Locus574	0.444644986	306	7
Locus95	0.443336454	307	7
Locus106	0.44300154	308	7
Locus936	0.440806411	309	7
Locus856	0.440289722	310	7
Locus613	0.439798152	311	7
Locus991	0.439238489	312	7
Locus227	0.437661425	313	7
Locus29	0.436891442	314	7
Locus910	0.436658446	315	7
Locus722	0.435639775	316	7
Locus278	0.435202975	317	7
Locus188	0.434954835	318	7
Locus905	0.434765683	319	7
Locus254	0.43351241	320	7
Locus602	0.433327326	321	7
Locus769	0.43326493	322	7
Locus737	0.432970551	323	7
Locus579	0.432605899	324	7
Locus287	0.432110305	325	7
Locus345	0.432074053	326	7
Locus202	0.431607428	327	7
Locus454	0.431282197	328	7
Locus7	0.430748751	329	7
Locus331	0.429775933	330	7
Locus903	0.429605874	331	7
Locus778	0.429510419	332	7
Locus851	0.426628146	333	7
Locus31	0.426376254	334	7
Locus612	0.426107733	335	7
Locus644	0.425382607	336	7
Locus841	0.423566611	337	7
Locus428	0.422294689	338	7
Locus888	0.420809114	339	7
Locus711	0.42051144	340	7
Locus131	0.420171797	341	7
Locus296	0.420075551	342	7
Locus665	0.419392876	343	7
Locus820	0.418525967	344	7
Locus405	0.417455536	345	7
Locus206	0.416965049	346	7
Locus32	0.416756264	347	7
Locus654	0.415116959	348	7
Locus843	0.414777892	349	7
Locus409	0.414730578	350	7
Locus449	0.414097897	351	7
Locus947	0.412938599	352	7
Locus124	0.412745989	353	7
Locus772	0.412349919	354	7
Locus713	0.411457502	355	7
Locus621	0.410475494	356	7
Locus432	0.410015182	357	7
Locus390	0.409488703	358	7
Locus550	0.409479744	359	7
Locus160	0.409403578	360	7
Locus786	0.409081568	361	7
Locus39	0.408871133	362	7
Locus455	0.408249519	363	7
Locus698	0.408143853	364	7
Locus780	0.4081132	365	7
Locus461	0.407105085	366	7
Locus353	0.406477447	367	7
Locus759	0.40626837	368	7
Locus426	0.406076755	369	7
Locus929	0.403235708	370	7
Locus366	0.403210906	371	7
Locus817	0.402414609	372	7
Locus308	0.40172974	373	7
Locus755	0.401569425	374	7
Locus14	0.401135762	375	7
Locus844	0.400669587	376	7
Locus230	0.399982724	377	7
Locus999	0.399758472	378	7
Locus246	0.399670608	379	7
Locus572	0.399558926	380	7
Locus701	0.399449753	381	7
Locus719	0.396498794	382	7
Locus44	0.396331495	383	7
Locus617	0.395723126	384	7
Locus288	0.395541479	385	7
Locus971	0.395516738	386	7
Locus3	0.39488291	387	7
Locus437	0.394516939	388	7
Locus109	0.392197234	389	7
Locus312	0.39214729	390	7
Locus189	0.391846731	391	7
Locus465	0.391541286	392	7
Locus43	0.389896563	393	7
Locus243	0.389642639	394	7
Locus893	0.389302542	395	7
Locus92	0.387148222	396	7
Locus383	0.386801134	397	6
Locus918	0.386500483	398	6
Locus467	0.38642923	399	6
Locus221	0.38605328	400	6
Locus66	0.385261763	401	6
Locus578	0.385253784	402	6
Locus610	0.383720908	403	6
Locus760	0.381846238	404	6
Locus397	0.381782126	405	6
Locus853	0.381692096	406	6
Locus154	0.381273039	407	6
Locus36	0.38101266	408	6
Locus406	0.380870165	409	6
Locus773	0.379964815	410	6
Locus420	0.379959012	411	6
Locus966	0.37762348	412	6
Locus620	0.377294363	413	6
Locus4	0.374128541	414	6
Locus565	0.373357085	415	6
Locus446	0.372475308	416	6
Locus829	0.37110388	417	6
Locus330	0.37087473	418	6
Locus302	0.370538229	419	6
Locus177	0.370401424	420	6
Locus322	0.369165416	421	6
Locus473	0.368300947	422	6
Locus768	0.367015147	423	6
Locus91	0.366308518	424	6
Locus597	0.36472961	425	6
Locus638	0.36431942	426	6
Locus994	0.364065352	427	6
Locus522	0.362943385	428	6
Locus493	0.362092305	429	6
Locus161	0.362064495	430	6
Locus40	0.359434273	431	6
Locus634	0.359077354	432	6
Locus945	0.358664876	433	6
Locus193	0.358528084	434	6
Locus658	0.357954807	435	6
Locus676	0.357567967	436	6
Locus919	0.357059413	437	6
Locus115	0.356981424	438	6
Locus93	0.356732494	439	6
Locus519	0.356435131	440	6
Locus604	0.3561368	441	6
Locus531	0.355106113	442	6
Locus262	0.354602925	443	6
Locus821	0.354505721	444	6
Locus779	0.353918747	445	6
Locus693	0.35309777	446	6
Locus633	0.353097073	447	6
Locus113	0.353010865	448	6
Locus561	0.352989314	449	6
Locus183	0.35098102	450	6
Locus85	0.350580122	451	6
Locus871	0.350534459	452	6
Locus754	0.350403189	453	6
Locus219	0.349697823	454	6
Locus315	0.349688216	455	6
Locus261	0.349534591	456	6
Locus294	0.349479308	457	6
Locus798	0.348753609	458	6
Locus746	0.348564011	459	6
Locus662	0.348236266	460	6
Locus525	0.347936153	461	6
Locus607	0.343903158	462	6
Locus162	0.343223418	463	6
Locus861	0.342660793	464	6
Locus864	0.340472922	465	6
Locus959	0.340198901	466	6
Locus699	0.338837757	467	6
Locus728	0.338123648	468	6
Locus306	0.337955944	469	6
Locus240	0.337933041	470	6
Locus220	0.336801976	471	6
Locus418	0.336450086	472	6
Locus939	0.336429135	473	6
Locus690	0.335227839	474	6
Locus224	0.334657795	475	6
Locus171	0.333594378	476	6
Locus974	0.333281282	477	6
Locus783	0.333158813	478	6
Locus433	0.33253408	479	6
Locus151	0.332383129	480	6
Locus138	0.331090795	481	6
Locus120	0.331048932	482	6
Locus301	0.330483202	483	6
Locus145	0.32985221	484	6
Locus203	0.32951225	485	6
Locus941	0.329423541	486	6
Locus937	0.329264975	487	6
Locus335	0.328775424	488	6
Locus582	0.328747576	489	6
Locus608	0.327455306	490	6
Locus117	0.327381681	491	6
Locus362	0.32665769099999997	492	6
Locus852	0.326495559	493	6
Locus523	0.325965859	494	6
Locus323	0.325611009	495	6
Locus486	0.325405086	496	6
Locus882	0.325134311	497	5
Locus669	0.325015608	498	5
Locus895	0.323775047	499	5
Locus551	0.323566048	500	5
Locus688	0.323540004	501	5
Locus158	0.323272192	502	5
Locus883	0.322736985	503	5
Locus401	0.322427118	504	5
Locus410	0.322407174	505	5
Locus352	0.322324934	506	5
Locus592	0.320871433	507	5
Locus533	0.320456673	508	5
Locus83	0.319918289	509	5
Locus371	0.319478009	510	5
Locus695	0.319095158	511	5
Locus125	0.318442588	512	5
Locus791	0.318389549	513	5
Locus743	0.318351701	514	5
Locus265	0.317968811	515	5
Locus566	0.317079814	516	5
Locus718	0.316013056	517	5
Locus75	0.315666061	518	5
Locus147	0.31566229	519	5
Locus649	0.315361279	520	5
Locus474	0.314815953	521	5
Locus952	0.314725859	522	5
Locus513	0.314724893	523	5
Locus27	0.313931799	524	5
Locus329	0.313487611	525	5
Locus670	0.313040337	526	5
Locus492	0.312589119	527	5
Locus689	0.312555123	528	5
Locus606	0.312450496	529	5
Locus128	0.31202949	530	5
Locus393	0.31190028	531	5
Locus365	0.311342272	532	5
Locus835	0.311088103	533	5
Locus684	0.310853765	534	5
Locus794	0.310647504	535	5
Locus310	0.309125165	536	5
Locus226	0.309039635	537	5
Locus195	0.309004441	538	5
Locus276	0.308343109	539	5
Locus538	0.307943517	540	5
Locus948	0.307895634	541	5
Locus211	0.307407148	542	5
Locus21	0.306989479	543	5
Locus731	0.304621987	544	5
Locus524	0.3045867	545	5
Locus307	0.303142922	546	5
Locus642	0.302591336	547	5
Locus228	0.302441456	548	5
Locus90	0.301786835	549	5
Locus619	0.30168372	550	5
Locus626	0.300623457	551	5
Locus350	0.300357945	552	5
Locus784	0.300127753	553	5
Locus716	0.299739399	554	5
Locus806	0.299391782	555	5
Locus744	0.29889221	556	5
Locus825	0.298867374	557	5
Locus750	0.297289411	558	5
Locus354	0.296699626	559	5
Locus878	0.296646803	560	5
Locus866	0.294490443	561	5
Locus931	0.294408181	562	5
Locus545	0.294296969	563	5
Locus801	0.293926587	564	5
Locus907	0.293100389	565	5
Locus977	0.292619432	566	5
Locus139	0.292313569	567	5
Locus530	0.291947016	568	5
Locus297	0.291144446	569	5
Locus679	0.290617612	570	5
Locus440	0.290523004	571	5
Locus457	0.289340615	572	5
Locus790	0.289021579	573	5
Locus958	0.288412008	574	5
Locus285	0.288324517	575	5
Locus640	0.288204459	576	5
Locus429	0.288094902	577	5
Locus71	0.286992627	578	5
Locus757	0.286819836	579	5
Locus575	0.285753957	580	5
Locus114	0.285552137	581	5
Locus49	0.285343174	582	5
Locus890	0.283019431	583	5
Locus738	0.282878182	584	5
Locus587	0.28262643	585	5
Locus860	0.28195928	586	5
Locus810	0.281614369	587	5
Locus506	0.279118697	588	5
Locus660	0.278019973	589	5
Locus471	0.277873609	590	5
Locus62	0.277714338	591	5
Locus887	0.277262049	592	5
Locus47	0.277254844	593	5
Locus867	0.276989402	594	5
Locus372	0.276755113	595	5
Locus63	0.276710774	596	4
Locus48	0.275927535	597	4
Locus88	0.275279506	598	4
Locus873	0.274736602	599	4
Locus268	0.273511069	600	4
Locus730	0.272670472	601	4
Locus442	0.272059944	602	4
Locus532	0.271597982	603	4
Locus498	0.271522136	604	4
Locus34	0.271415029	605	4
Locus515	0.270613168	606	4
Locus554	0.270591128	607	4
Locus767	0.270082478	608	4
Locus87	0.27001825	609	4
Locus59	0.269814731	610	4
Locus309	0.267832739	611	4
Locus385	0.267047069	612	4
Locus706	0.26654499	613	4
Locus761	0.265748642	614	4
Locus813	0.265451023	615	4
Locus685	0.265115366	616	4
Locus102	0.264463562	617	4
Locus697	0.26352617	618	4
Locus234	0.262222125	619	4
Locus986	0.260041283	620	4
Locus11	0.259855795	621	4
Locus666	0.258160119	622	4
Locus637	0.257723411	623	4
Locus822	0.257472235	624	4
Locus920	0.257038695	625	4
Locus828	0.257016943	626	4
Locus898	0.256211706	627	4
Locus615	0.256129945	628	4
Locus175	0.255672594	629	4
Locus344	0.255671184	630	4
Locus792	0.255577051	631	4
Locus672	0.254251721	632	4
Locus499	0.253499901	633	4
Locus951	0.253129647	634	4
Locus586	0.252733981	635	4
Locus134	0.252278661	636	4
Locus891	0.251263052	637	4
Locus576	0.25035459	638	4
Locus845	0.250319644	639	4
Locus623	0.248701162	640	4
Locus978	0.248555455	641	4
Locus438	0.248508195	642	4
Locus475	0.248135715	643	4
Locus423	0.246871254	644	4
Locus927	0.246061297	645	4
Locus470	0.245793027	646	4
Locus237	0.245309415	647	4
Locus386	0.245244854	648	4
Locus729	0.244704215	649	4
Locus400	0.244642732	650	4
Locus534	0.244108388	651	4
Locus766	0.242494622	652	4
Locus28	0.241967077	653	4
Locus832	0.240584485	654	4
Locus488	0.240358678	655	4
Locus123	0.239688189	656	4
Locus508	0.239584766	657	4
Locus899	0.23946471	658	4
Locus110	0.238742125	659	4
Locus458	0.237383207	660	4
Locus244	0.237212452	661	4
Locus850	0.237119048	662	4
Locus379	0.23412643	663	4
Locus739	0.233903747	664	4
Locus42	0.233030914	665	4
Locus321	0.232568218	666	4
Locus245	0.231933928	667	4
Locus179	0.230851716	668	4
Locus463	0.230828366	669	4
Locus765	0.229892507	670	4
Locus981	0.227603308	671	4
Locus776	0.226057155	672	4
Locus381	0.225536596	673	4
Locus497	0.224359778	674	4
Locus338	0.223690083	675	4
Locus118	0.223070758	676	4
Locus721	0.223005698	677	4
Locus343	0.221693381	678	4
Locus281	0.221050231	679	4
Locus593	0.22077357	680	4
Locus955	0.219914837	681	4
Locus267	0.219894568	682	4
Locus489	0.219392045	683	4
Locus156	0.21848945	684	4
Locus1	0.218349655	685	4
Locus361	0.217856486	686	4
Locus983	0.217646455	687	4
Locus969	0.217644167	688	4
Locus19	0.217453518	689	4
Locus827	0.216657592	690	4
Locus950	0.215397706	691	4
Locus725	0.2128619	692	4
Locus10	0.212002044	693	4
Locus336	0.210816896	694	4
Locus136	0.209978984	695	3
Locus266	0.209903224	696	3
Locus480	0.209073237	697	3
Locus733	0.208975703	698	3
Locus143	0.208908704	699	3
Locus346	0.208023441	700	3
Locus560	0.207810932	701	3
Locus182	0.206527567	702	3
Locus614	0.205872593	703	3
Locus875	0.203149496	704	3
Locus395	0.202988923	705	3
Locus645	0.201128617	706	3
Locus164	0.200858115	707	3
Locus529	0.200595417	708	3
Locus803	0.200397218	709	3
Locus326	0.198912769	710	3
Locus107	0.19796995	711	3
Locus274	0.196917101	712	3
Locus879	0.195509736	713	3
Locus584	0.195484269	714	3
Locus355	0.195435058	715	3
Locus837	0.194002987	716	3
Locus603	0.193093039	717	3
Locus382	0.19239704999999999	718	3
Locus704	0.191668542	719	3
Locus229	0.191645996	720	3
Locus836	0.190974082	721	3
Locus448	0.190913618	722	3
Locus314	0.190056024	723	3
Locus424	0.189985547	724	3
Locus818	0.189770568	725	3
Locus450	0.189707069	726	3
Locus342	0.189224527	727	3
Locus815	0.18877153	728	3
Locus194	0.18761814	729	3
Locus777	0.18742533	730	3
Locus8	0.187372949	731	3
Locus374	0.185864761	732	3
Locus595	0.185361552	733	3
Locus913	0.185358622	734	3
Locus553	0.185194068	735	3
Locus549	0.184663029	736	3
Locus573	0.183668678	737	3
Locus273	0.18364535	738	3
Locus930	0.183497607	739	3
Locus388	0.183427922	740	3
Locus186	0.182541026	741	3
Locus889	0.181712106	742	3
Locus942	0.181030963	743	3
Locus661	0.180701649	744	3
Locus833	0.180687065	745	3
Locus56	0.180255568	746	3
Locus396	0.178815054	747	3
Locus129	0.178594662	748	3
Locus51	0.178537487	749	3
Locus9	0.177684999	750	3
Locus376	0.176463471	751	3
Locus155	0.176058967	752	3
Locus290	0.175956426	753	3
Locus146	0.175640071	754	3
Locus52	0.174094801	755	3
Locus724	0.173959538	756	3
Locus303	0.172113237	757	3
Locus601	0.171681481	758	3
Locus635	0.171526047	759	3
Locus577	0.171515175	760	3
Locus55	0.169784118	761	3
Locus491	0.16914208	762	3
Locus805	0.169000154	763	3
Locus159	0.168311772	764	3
Locus394	0.167994647	765	3
Locus741	0.167079223	766	3
Locus286	0.166787552	767	3
Locus402	0.166198559	768	3
Locus239	0.166083079	769	3
Locus205	0.166026836	770	3
Locus657	0.165903515	771	3
Locus963	0.165730105	772	3
Locus748	0.164912102	773	3
Locus280	0.16481459	774	3
Locus830	0.16387853	775	3
Locus590	0.163535866	776	3
Locus924	0.162857921	777	3
Locus104	0.162728274	778	3
Locus789	0.162404702	779	3
Locus892	0.162036483	780	3
Locus900	0.161666739	781	3
Locus197	0.161510642	782	3
Locus122	0.160172301	783	3
Locus6	0.159998698	784	3
Locus413	0.159636056	785	3
Locus472	0.159319784	786	3
Locus369	0.159253049	787	3
Locus842	0.157129373	788	3
Locus421	0.155399118	789	3
Locus517	0.155262891	790	3
Locus222	0.154976566	791	3
Locus116	0.154960974	792	3
Locus235	0.154220008	793	3
Locus714	0.153721695	794	2
Locus459	0.153652955	795	2
Locus140	0.153104051	796	2
Locus580	0.152857188	797	2
Locus922	0.152813799	798	2
Locus639	0.152214963	799	2
Locus539	0.152172757	800	2
Locus485	0.151471894	801	2
Locus348	0.151414253	802	2
Locus562	0.151114481	803	2
Locus632	0.150558335	804	2
Locus667	0.15016345	805	2
Locus141	0.149868853	806	2
Locus351	0.14928227	807	2
Locus925	0.146880292	808	2
Locus846	0.146590629	809	2
Locus241	0.145847245	810	2
Locus921	0.145455528	811	2
Locus703	0.145455319	812	2
Locus858	0.144145881	813	2
Locus38	0.143602063	814	2
Locus932	0.14197544	815	2
Locus819	0.141512708	816	2
Locus137	0.140880648	817	2
Locus16	0.139202506	818	2
Locus318	0.139094049	819	2
Locus305	0.138601791	820	2
Locus504	0.138536475	821	2
Locus552	0.138330439	822	2
Locus275	0.138247538	823	2
Locus520	0.138158319	824	2
Locus569	0.137157015	825	2
Locus505	0.136026954	826	2
Locus686	0.13545726	827	2
Locus886	0.133934128	828	2
Locus944	0.133082635	829	2
Locus495	0.132915198	830	2
Locus655	0.132483225	831	2
Locus540	0.1323733	832	2
Locus347	0.132332849	833	2
Locus133	0.132011072	834	2
Locus469	0.131636688	835	2
Locus272	0.131391837	836	2
Locus961	0.130696613	837	2
Locus628	0.130488212	838	2
Locus26	0.130483308	839	2
Locus793	0.129910569	840	2
Locus341	0.129296505	841	2
Locus15	0.128909921	842	2
Locus935	0.128168489	843	2
Locus23	0.127608369	844	2
Locus857	0.127455513	845	2
Locus325	0.12664339	846	2
Locus20	0.126633555	847	2
Locus5	0.126210394	848	2
Locus663	0.125537927	849	2
Locus142	0.125434496	850	2
Locus536	0.124991152	851	2
Locus570	0.123728561	852	2
Locus150	0.123420143	853	2
Locus356	0.123028576	854	2
Locus215	0.12217695	855	2
Locus996	0.121735195	856	2
Locus979	0.12160747	857	2
Locus81	0.119496858	858	2
Locus349	0.118659764	859	2
Locus521	0.11853462	860	2
Locus998	0.11793115	861	2
Locus647	0.116152626	862	2
Locus646	0.115812871	863	2
Locus609	0.114841866	864	2
Locus526	0.114469409	865	2
Locus170	0.114271777	866	2
Locus70	0.11380836	867	2
Locus407	0.113098619	868	2
Locus453	0.1126976	869	2
Locus908	0.11266028	870	2
Locus902	0.108907181	871	2
Locus425	0.108304716	872	2
Locus72	0.107381396	873	2
Locus332	0.106393444	874	2
Locus79	0.105670425	875	2
Locus502	0.105469147	876	2
Locus389	0.104157572	877	2
Locus943	0.104149886	878	2
Locus797	0.104076509	879	2
Locus430	0.103588612	880	2
Locus993	0.103586854	881	2
Locus915	0.102827938	882	2
Locus984	0.102651696	883	2
Locus956	0.101891073	884	2
Locus225	0.101412883	885	2
Locus277	0.101278406	886	2
Locus909	0.101134011	887	2
Locus700	0.099944508	888	2
Locus364	0.099252968	889	2
Locus816	0.097586973	890	2
Locus702	0.097076123	891	2
Locus340	0.096200404	892	2
Locus970	0.095337854	893	1
Locus392	0.094539173	894	1
Locus863	0.092544865	895	1
Locus988	0.091328564	896	1
Locus692	0.091082765	897	1
Locus300	0.091023381	898	1
Locus78	0.090952414	899	1
Locus756	0.090053435	900	1
Locus163	0.089873136	901	1
Locus859	0.088507588	902	1
Locus210	0.088396618	903	1
Locus799	0.087955037	904	1
Locus89	0.087468497	905	1
Locus399	0.086955036	906	1
Locus435	0.086188723	907	1
Locus61	0.084909007	908	1
Locus678	0.083892796	909	1
Locus172	0.08365834	910	1
Locus682	0.083015505	911	1
Locus594	0.08259615	912	1
Locus334	0.081761007	913	1
Locus238	0.081681208	914	1
Locus787	0.081197191	915	1
Locus101	0.080606039	916	1
Locus732	0.077791568	917	1
Locus445	0.076996031	918	1
Locus611	0.07564146	919	1
Locus460	0.075618254	920	1
Locus283	0.073482271	921	1
Locus683	0.073311925	922	1
Locus35	0.072964063	923	1
Locus191	0.072327033	924	1
Locus643	0.071847868	925	1
Locus173	0.071377785	926	1
Locus653	0.071336763	927	1
Locus680	0.070671391	928	1
Locus443	0.066438322	929	1
Locus41	0.065522186	930	1
Locus108	0.064412679	931	1
Locus616	0.062636966	932	1
Locus178	0.062108499	933	1
Locus788	0.062066509	934	1
Locus758	0.061736051	935	1
Locus214	0.061649468	936	1
Locus823	0.06030632	937	1
Locus236	0.05976292	938	1
Locus804	0.05974844	939	1
Locus894	0.056240515	940	1
Locus166	0.056013778	941	1
Locus650	0.054843486	942	1
Locus707	0.054427417	943	1
Locus648	0.053872814	944	1
Locus431	0.052140396	945	1
Locus933	0.050686708	946	1
Locus2	0.04884049	947	1
Locus119	0.048325825	948	1
Locus664	0.048092066	949	1
Locus541	0.046396013	950	1
Locus199	0.045800445	951	1
Locus293	0.045761663	952	1
Locus100	0.045340853	953	1
Locus997	0.04521601	954	1
Locus659	0.045180539	955	1
Locus157	0.044861694	956	1
Locus869	0.044211972	957	1
Locus58	0.043443275	958	1
Locus511	0.04315883	959	1
Locus618	0.042143435	960	1
Locus196	0.041476605	961	1
Locus911	0.040880514	962	1
Locus167	0.040439661	963	1
Locus596	0.040006061	964	1
Locus800	0.036632769	965	1
Locus641	0.036559158	966	1
Locus291	0.035480134	967	1
Locus965	0.035373943	968	1
Locus319	0.033718468	969	1
Locus972	0.0308935	970	1
Locus953	0.030497958	971	1
Locus258	0.030475036	972	1
Locus174	0.029515632	973	1
Locus514	0.029411178	974	1
Locus546	0.02850679	975	1
Locus811	0.02830192	976	1
Locus80	0.024513003	977	1
Locus627	0.02295266	978	1
Locus190	0.019078632	979	1
Locus605	0.018357566	980	1
Locus391	0.017969486	981	1
Locus403	0.017472597	982	1
Locus304	0.015820508	983	1
Locus404	0.015723333	984	1
Locus558	0.015723333	985	1
Locus588	0.015162931	986	1
Locus928	0.006289333	987	1
Locus53	0.003954869	988	1
Locus563	0.002049491	989	1
Locus200	0.001696649	990	1
Locus250	0.001055767	991	1
Locus868	0	992	1
